GeneralPosition,attacking,skill,movement,power,mentality,defending,goalkeeping
CB,47.182878566965215,51.60308269110601,63.37454696938138,61.31468444074151,55.44400472123863,66.69620912309935,10.403509685482192
CM,59.8046640804091,63.15489331687534,69.86284605889614,63.490424969141245,59.29753717745254,50.53315111973197,10.337991535884324
GK,16.514963503649636,19.246277372262774,45.035474452554745,42.38226277372263,26.503345498783457,13.875182481751825,40.901642335766425
ST,60.70547555892384,57.1933308071239,68.51163319439182,66.91519514967791,56.22622205380825,27.097764304660856,10.406119742326638
